dim1,label
0.613888889,1
0.627777778,1
0.641666667,1
0.756944444,2
0.770833333,2
0.784722222,2
0.9,1
0.913888889,1
0.927777778,1
