dim1,label
0.041666667,1
0.055555556,1
0.069444444,1
0.327777778,1
0.341666667,1
0.355555556,1
0.184722222,2
0.198611111,2
0.2125,2
0.470833333,2
0.484722222,2
0.498611111,2
