dim1,dim2,label
0.055555556,0.4,1
0.055555556,0.5,1
0.055555556,0.6,1
0.055555556,0.7,1
0.341666667,0.4,1
0.341666667,0.5,1
0.341666667,0.6,1
0.341666667,0.7,1
0.198611111,0.2,2
0.198611111,0.3,2
0.198611111,0.4,2
0.198611111,0.5,2
0.484722222,0.2,2
0.484722222,0.3,2
0.484722222,0.4,2
0.484722222,0.5,2
