dim1,dim2
0.627777778,0.2
0.627777778,0.3
0.627777778,0.4
0.627777778,0.5
0.627777778,0.6
0.627777778,0.7
0.770833333,0.2
0.770833333,0.3
0.770833333,0.4
0.770833333,0.5
0.770833333,0.6
0.770833333,0.7
0.913888889,0.2
0.913888889,0.3
0.913888889,0.4
0.913888889,0.5
0.913888889,0.6
0.913888889,0.7
